﻿employee id,first name,last name,state,gender,status,preferred fname,preferred lname,middle name
#123##,Avni,Sharma,madhya pradesh,f,active,av,sa,jk
#345##,Yesha,Goyal,maharashtra,f,active,ye,gl,jk
#678##,Avantika,Gupta,karnataka,f,active,yu,ga,jk
#665##,Yuvraj,Saini,j&k,m,active,yu,si,jk
#5550##,Rahul,Dhankad,raj,m,active,ra,dd,jk
#5678##,Supriya,soni,mp,f,active,su,si,jk
#4555##,Astha,Agnihotri,mp,f,active,as,ai,jk
#5677##,Mayank,Gautum,raj,m,active,ma,gm,jk
#5567##,Shruti,Kumari,raj,f,active,sh,ki,jk
#$566##,Gaurav,Singh,mp,m,active,ga,sh,jk
#4444##,Manvi,Arora,raj,f,active,man,aa,jk
#4656##,Raghav,Rajput,mp,m,active,rag,rt,jk
#3434##,Jyoti,Agarwal,j&k,f,active,jy,al,jk
